iter,n_treated,beta_t4,p_t4,beta_t5,p_t5,beta_t0,p_t0
1,25,-0.215935509856831,0.665668362602824,-0.189717911198127,0.620045970825259,0.00216480233033365,0.995534690065542
2,25,0.310889569087153,0.48575793131496,0.291421411475939,0.474232035820707,0.301008588768875,0.37388926378598
3,25,-0.291624712334423,0.286188723405439,-0.170015665091094,0.450309996562962,-0.188366374157853,0.434474396679755
4,25,-0.418729869071588,0.529223177734715,-0.509679081877667,0.428526487384367,-0.118391221705031,0.795309575787605
5,25,0.411091518022592,0.181075756562344,0.350715345486664,0.187632419387921,0.526716123661179,0.204750735094843
6,25,0.102373232030238,0.716378781225249,-0.0198222950552255,0.943081968903232,0.23622646728187,0.38973042779874
7,25,-0.00487583632120965,0.983199906246042,0.148607544320065,0.471899379582839,-0.30677156021654,0.244048644629325
8,25,0.0555897392489129,0.826563603706188,0.167681472689537,0.440256078026645,0.0179131245608821,0.937893736373447
9,25,1.34445569976985,0.0617746475735529,1.30592082541138,0.0440499174337418,0.630471742369725,0.0976330615763202
10,25,0.772651909091887,0.0132833880083718,0.619412984454438,0.0456482183995034,0.218948318411016,0.189133812807263
11,25,-0.0128388453008596,0.979314039198436,-0.125882150828107,0.748129150401161,-1.16881743902537,0.273102265090076
12,25,0.316221395644909,0.370251532648384,0.205388220627909,0.438211295211532,0.262097967891988,0.610589633016294
13,25,-0.0114740568079694,0.959735190159938,0.00811959675340582,0.972166807734953,0.13616576721674,0.535573532257371
14,25,0.128059401834473,0.672372601545287,0.274083346703074,0.342741337314941,0.567099877630505,0.331188865810372
15,25,-0.268674960875529,0.280978004861754,-0.306698926256576,0.20324013460795,-0.433186347162832,0.116643128730505
16,25,-0.513918478035537,0.146934427958552,-0.53152534341078,0.13488664139111,-0.104567366658378,0.709349388679375
17,25,0.0668346761314817,0.859989003393608,-0.0987193288982609,0.826579696107748,-0.794936539215875,0.339430170903741
18,25,0.108713907325909,0.632920515642011,0.0646805400675961,0.752531774578418,0.19433417277212,0.177546287073103
19,25,0.453571509831409,0.0725295441684638,0.367368758690084,0.124879093182988,0.237292851225321,0.185826932919852
20,25,-0.0357100173350262,0.941614533995918,0.0678873411424591,0.866438183305476,-0.509655296488353,0.330631843653926
21,25,-0.247340455983328,0.46005375470116,-0.26590587943687,0.433435965356323,-0.518184514123324,0.136698256243574
22,25,-0.0754640017908442,0.814354169796419,-0.400983060155214,0.252493538673026,-0.0304194997189629,0.927452465178539
23,25,0.319755937947324,0.331868162797682,0.377079562904522,0.135339898603237,0.416998131606175,0.113385291032683
24,25,0.0948832971248076,0.699572397529474,0.157380735716651,0.531286318320363,-0.307908833560025,0.315956943194594
25,25,0.343755913347141,0.482263043661655,0.292154171381892,0.502053250078853,0.233128072118699,0.596281033301519
26,25,-0.250689990908054,0.216480106219994,-0.193626539042454,0.334060690219745,-0.36006910115112,0.090625536733108
27,25,-0.207256071231288,0.43837965054734,-0.243787013089727,0.380519692921646,-0.145442051198873,0.58750320823382
28,25,-0.245323848494993,0.565889425542665,-0.399355480444078,0.419299741786889,0.297703654752164,0.480305649333323
29,25,-0.0817349184494019,0.803560140386767,-0.138873639497145,0.6446907510397,0.194724932780756,0.439000373992775
30,25,0.177667868465261,0.735194009671501,0.251376878869699,0.603622930364433,-0.350047783548859,0.446184352790018
31,25,-0.34027796371997,0.498867460610755,-0.374804821280805,0.347813357543427,-0.134937069379651,0.716138293565774
32,25,0.202869548948118,0.283798867545483,0.0805438177006189,0.69012920800912,0.468982932807211,0.347372843387354
33,25,0.593004496140203,0.176240324320528,0.633071553676206,0.0983794907984779,0.390661713110857,0.15784579293724
34,25,-0.320099482411542,0.205319911823998,-0.167710831201559,0.401628474164298,-0.209409452334121,0.363746469560926
35,25,0.279101415947374,0.617618418433388,0.205757137946923,0.681348909510522,0.0242994946550929,0.94370522762571
36,25,0.295791548510321,0.406524083888418,0.315782786644524,0.371798216432245,0.257785444645519,0.525735152966604
37,25,-0.359586165226583,0.463348218362219,-0.569888668008963,0.328297456707561,-0.126672053079761,0.810810368999946
38,25,-0.0141132891975278,0.95649621392224,-0.241399671611323,0.559968996231661,-0.0652749447162375,0.832400422145791
39,25,-0.127879766919406,0.675373458077782,-0.222034152729642,0.569340736830909,-0.34223028698122,0.364862581468133
40,25,0.062329256921814,0.844141566313968,-0.0180347260378396,0.950023851849101,0.291002438715091,0.277561598232625
41,25,0.325008494126387,0.204414597148497,0.266318182180188,0.257684377415902,0.314357940185891,0.261979110775564
42,25,0.128957895096909,0.523495243249609,-0.0320734515972024,0.876103070924862,0.0611600710541061,0.751875897598495
43,25,-0.0863581775234821,0.663346689941381,-0.0395194999964209,0.835247036948847,-0.000756543941059129,0.995992742330414
44,25,0.155132235524716,0.658803807496437,-0.201197400257051,0.679441784809912,0.603077163249171,0.182704100685325
45,25,0.734236229415259,0.332976460661024,0.609066311760703,0.350814491565621,0.191879319398775,0.736777618128841
46,25,0.11601045964596,0.761408155564673,0.217889131171882,0.573692157483244,0.115906523981645,0.784466203881412
47,25,0.0706288128558345,0.868570085535584,0.0963213755258583,0.802495952239297,-0.324701717875464,0.447625782061591
48,25,0.0356824454460157,0.870728837689105,-0.0784449804231125,0.679515701809616,0.0191190652701467,0.941800447750799
49,25,0.0119596659324933,0.975402006235665,0.0702092598725066,0.857603496727603,-0.301670248316821,0.451478305040647
50,25,-0.23823948474832,0.603993059248782,-0.246558457800842,0.467866533950847,-0.109856375078144,0.766436090993661
51,25,-0.0450679859357649,0.843292776514543,-0.00865007165557939,0.963903094159426,-0.135669605179923,0.541125954937762
52,25,0.367390794004224,0.230531905495302,0.178882399662578,0.555970559808522,0.449252278076498,0.223284717696146
53,25,-0.543840563474204,0.0444031575190669,-0.439112536362609,0.0947099146534866,-0.0165375546351856,0.956490589097969
54,25,0.273853781819519,0.242578772548117,0.204647784724616,0.350089411010655,0.360391467013917,0.165075865880011
55,25,0.552636004794676,0.116931300490148,0.446596062585056,0.242217346146936,0.324120352372921,0.313075938148177
56,25,0.273911129821597,0.307300497641978,0.213559818542883,0.466818788720302,0.105012447442784,0.599856023902874
57,25,0.167675573326358,0.693381314252995,0.0163925803854913,0.96375428283773,0.44722985032385,0.385864643757611
58,25,0.473528900241399,0.186687569450525,0.44253684859513,0.173676485323566,-0.931041384157312,0.277323966700926
59,25,-0.191655203904207,0.310223485598368,-0.124380405037151,0.468547738828289,-0.272342605544402,0.275871015642934
60,25,0.106221277738083,0.591715372891751,0.117874266206132,0.540950836983197,0.0643370700156285,0.730930664063033
61,25,0.189224479142973,0.687542576354368,0.367049919583924,0.387097771926458,-0.607188990504045,0.128369252028266
62,25,-0.102948245898958,0.765417036236815,-0.162446791400206,0.580923366255855,0.0959619974862746,0.748590683195243
63,25,-0.669137822290832,0.0118223876259737,-0.640502576547656,0.0160678021082479,0.0239887064548902,0.926015654687422
64,25,0.000338946912994146,0.998958933327785,-0.0431063811587028,0.8590454950458,0.127869570381644,0.63286336494088
65,25,0.152272109721822,0.672224403564864,0.0806715401686912,0.81972220734785,0.355351308012644,0.233204046400998
66,25,0.0882173547121275,0.633653577630085,0.108969288190145,0.502792850558886,-0.036251514161768,0.858347681744235
67,25,-0.326174067561691,0.517488421653506,-0.391404075653518,0.451114620532192,-0.354747810441961,0.406529812134895
68,25,0.500920819168317,0.521387718667597,0.557550678690631,0.435340391224339,-0.0137379695202767,0.979620339806727
69,25,-0.335838084714024,0.322666227941043,-0.328471911491378,0.298761512335059,0.0963718060428505,0.759026862162921
70,25,-0.00318083944555628,0.991557411130033,-0.0525571586558487,0.835170486385522,-0.19417682855057,0.7018279938727
71,25,0.141047010710931,0.558695768433232,0.0720308814380574,0.754220906829346,0.157143852135332,0.606833816994248
72,25,-0.341374438725942,0.247214417541099,-0.288787239179036,0.256953896642329,-0.243437956377911,0.387882587736437
73,25,0.650860694032781,0.290246617417261,0.709987951278807,0.206633622344155,-0.115939817035011,0.857823032181256
74,25,0.393551615813788,0.144284001965746,0.41604016359574,0.142884852466154,0.434636739870581,0.195580791706154
75,25,-0.183721877756412,0.614426684597668,-0.310533409598333,0.323705983776952,0.209992530833836,0.372519746690038
76,25,0.0484975049537545,0.9051446234586,0.0621222662831452,0.855173983359475,0.0528973974352545,0.875039570680189
77,25,0.374374970014389,0.380210806264362,0.336412420220823,0.406514189278258,0.0925217607257254,0.819104370067778
78,25,0.327175190930171,0.461829588923439,0.0399767149980658,0.913400019930966,0.416454771041649,0.196080038690584
79,25,0.604440659944778,0.387230366328704,0.723496911455492,0.17679621154572,-0.177717393242257,0.706509171047249
80,25,0.191207454355823,0.504978698308609,0.283525181693766,0.217102336689928,0.317443525223034,0.494681637554377
81,25,-0.43842560709987,0.428757025444579,-0.470967397289966,0.358842324846627,-0.240298973996416,0.544835554714049
82,25,-0.227630065328773,0.226921542120466,-0.192161907787084,0.251545800914443,0.00984412195189022,0.939551755603974
83,25,0.0636397980101374,0.86177746280047,0.121545332451405,0.739971613620208,0.424298541035181,0.276131020510803
84,25,0.059004609345268,0.799159759626138,-0.00974644007803729,0.962574407609514,0.486287193949079,0.11221197564536
85,25,-0.107482663869414,0.860675877413675,-0.215870144139174,0.657457035362642,-1.57745537543782,0.242572169117966
86,25,-0.246885720536662,0.240430644370647,-0.248624776038293,0.191164237477026,-0.166653866670156,0.44989728389302
87,25,0.0668838666960244,0.724745224216962,0.111108028632297,0.657869196517241,-0.16736389396604,0.468399228218387
88,25,-0.0862688944974406,0.832845963678893,-0.188778522391321,0.600380461991053,-0.0665811131863286,0.85389343033278
89,25,-0.0558700317824517,0.771111701640034,-0.199855861174134,0.350399873123182,0.0511023419558843,0.756084327680407
90,25,-0.169646170103371,0.406872532190708,-0.200107721422817,0.248837478265295,-0.256272410611083,0.325345513272919
91,25,0.694534389105206,0.243757537414046,0.439316097878587,0.408626224365106,0.349044973398768,0.383756447600341
92,25,-0.0211776680811799,0.945884540242947,0.0326694574024138,0.913351099401909,0.144145587815506,0.609892324608058
93,25,-0.261199783918879,0.399352343414779,-0.184863277850267,0.418064530519118,-0.128840212339311,0.687721765231503
94,25,1.18749476351949,0.00109739262178492,1.14891882155577,0.00143644074284237,1.06433963134265,0.00323140796926887
95,25,0.220464385621074,0.35902827042532,0.267221892373513,0.196534015227915,0.0358302784998504,0.859808612751795
96,25,-0.341015434347671,0.492421523961418,-0.271182293850778,0.524047638126195,-0.137921753639431,0.774091910778471
97,25,0.169195920924508,0.69211114293455,-0.155336356149896,0.692577718799939,-0.128904266492222,0.804769170131122
98,25,0.490837748914458,0.195722604764768,0.454682809442716,0.187750404266345,0.119578345233332,0.729906511691071
99,25,0.46030518552091,0.262296552222326,0.127378107847703,0.643686764396254,0.464717277834357,0.103886940021362
100,25,0.171187246529143,0.524272063509192,0.0402633835221539,0.870789983003954,0.0517694445374479,0.818852672672731
