iso3c,country,income,hale_0,ghe_0,gdppc_0,year_0,hale_T,ghe_T,gdppc_T,year_T,d_hale,d_ghe,span
BWA,Botswana,Upper middle income,42.1458525017551,3.2540555,8.14636478849885,2000,59.1558259347585,4.30165005,9.02746374797955,2022,17.01,1.05,22
RWA,Rwanda,Low income,40.0949797412707,0.64626944,5.52891015868841,2000,56.3341372274438,2.80981302,6.88291871311002,2022,16.24,2.16,22
ZMB,Zambia,Lower middle income,37.6204458432979,1.47394264,5.88451805497691,2000,52.4748340074635,2.50694346,7.2773327965308,2022,14.85,1.03,22
UGA,Uganda,Low income,42.0000351021574,1.26865971,5.55315467725067,2000,56.3464059394606,0.977534,6.87012330990919,2022,14.35,-0.29,22
MWI,Malawi,Low income,39.2379834968265,1.01542294,5.41264626212205,2000,53.2608187258931,0.87761509,6.40402070615656,2022,14.02,-0.14,22
BDI,Burundi,Low income,39.3168794586192,1.46507239,4.90184565944596,2000,53.1077690093493,1.58699203,5.52399460683473,2022,13.79,0.12,22
ETH,Ethiopia,Low income,43.2108767047356,1.79949343,4.80622519255202,2000,55.8396774227511,0.72076863,6.91876774273539,2022,12.63,-1.08,22
TZA,Tanzania,Lower middle income,46.8098597844682,0.74586421,5.9957009375079,2000,59.3289168246767,0.98245382,7.09659970498667,2022,12.52,0.24,22
BFA,Burkina Faso,Low income,45.7016897596696,0.96129316,5.51708546721081,2000,58.0667468967955,2.72350121,6.7287701157446,2022,12.37,1.76,22
CIV,Cote d'Ivoire,Lower middle income,44.7029450132282,0.58689862,6.8422953108814,2000,54.9059168354516,1.33865738,7.7550694035277,2022,10.2,0.75,22
KEN,Kenya,Lower middle income,49.8167322658685,0.99912077,6.02737778970882,2000,59.7713243809551,2.02182531,7.65423604156395,2022,9.95,1.02,22
KHM,Cambodia,Lower middle income,54.0413320377603,1.27856123,5.69179992825644,2000,63.765331906501,1.17248797,7.75148843639064,2022,9.72,-0.11,22
NGA,Nigeria,Lower middle income,45.3631922900897,0.58559412,6.30503053245916,2000,54.8773682283876,0.61939389,7.66826890868018,2022,9.51,0.03,22
NER,Niger,Low income,41.8440420434042,1.12999868,5.2718294378237,2000,50.9663406168363,1.53595936,6.41304107914995,2022,9.12,0.41,22
SLE,Sierra Leone,Low income,41.4176506671829,0.89177084,4.96803215344077,2000,50.3598181197018,1.51291788,6.75783267100322,2022,8.94,0.62,22
MOZ,Mozambique,Low income,45.7868360367815,1.08604574,5.79034615080589,2000,54.3253692983619,2.7056973,6.36000917832548,2022,8.54,1.62,22
CMR,Cameroon,Lower middle income,44.756921779457,0.64510846,6.56324283058734,2000,53.2102275045218,0.67123395,7.38080256506958,2022,8.45,0.03,22
LBR,Liberia,Low income,43.5507623171485,0.64587975,5.69872082133842,2000,51.9505843390402,1.29002357,6.61287022756715,2022,8.4,0.64,22
AGO,Angola,Lower middle income,46.1620955001793,1.11098742,6.33458214640641,2000,54.5259625043929,1.51054609,7.98265341489174,2022,8.36,0.4,22
MLI,Mali,Low income,45.3671722959769,1.29322565,5.54595665245192,2000,53.511447236846,1.43022907,6.87700964450755,2022,8.14,0.14,22
LAO,Lao PDR,Lower middle income,50.4686835046022,1.23305964,5.76440663290222,2000,58.5974289580434,0.62643725,7.62383958218867,2022,8.13,-0.61,22
NAM,Namibia,Upper middle income,47.9415755412233,4.8139286,7.67632338249331,2000,55.9327928150253,4.2423048,8.37788493564437,2022,7.99,-0.57,22
CAF,Central African Republic,Low income,37.9363428908928,1.72009432,5.47710825505353,2000,45.835980406201,1.59287274,6.14709946425182,2022,7.9,-0.13,22
SDN,Sudan,Low income,51.9389054744479,1.21998167,5.89196703906012,2000,59.4813942168291,1.18913412,6.95295887120536,2022,7.54,-0.03,22
BTN,Bhutan,Lower middle income,55.1584705792549,3.29712725,6.64888728028208,2000,62.6798659339904,2.14716125,8.2191449567625,2022,7.52,-1.15,22
CHN,China,Upper middle income,61.9160104172411,0.99070781,6.87647048718439,2000,69.4233379108105,2.94645953,9.47044097178179,2022,7.51,1.96,22
COD,"Congo, Dem. Rep.",Low income,44.3752696957741,0.06221032,5.93469687848558,2000,51.7288713892731,0.69589216,6.46554153636715,2022,7.35,0.63,22
GIN,Guinea,Lower middle income,46.3892843079516,0.30125162,6.25027841429825,2000,53.4289873632182,0.72898859,7.25601217444639,2022,7.04,0.43,22
NPL,Nepal,Lower middle income,55.7489441813326,0.4859271,5.4108881271271,2000,62.7627589840237,2.10599875,7.23411272078101,2022,7.01,1.62,22
LSO,Lesotho,Lower middle income,42.1251952729363,2.90852237,6.09307200685672,2000,49.1205382789783,6.40886402,6.9374362060849,2022,7,3.5,22
SWZ,Eswatini,Lower middle income,43.7725976948824,2.41081047,7.41996489257607,2000,50.7580509674937,3.24393272,8.26607517031259,2022,6.99,0.83,22
TGO,Togo,Low income,48.1658534469524,0.29096901,6.01588834989606,2000,55.0804077610909,0.66535133,6.80101398205191,2022,6.91,0.37,22
BEN,Benin,Lower middle income,49.951901556792,1.14174652,6.18913467091287,2000,56.8437032120772,0.5155009,7.14395491532725,2022,6.89,-0.63,22
COG,"Congo, Rep.",Lower middle income,47.3136711616998,0.51469523,6.9317662847868,2000,54.1988770591523,0.80553758,7.87124940936808,2022,6.89,0.29,22
SEN,Senegal,Lower middle income,52.8539450798414,1.25274444,6.40230379272756,2000,59.7339285856092,0.89601612,7.36139328519061,2022,6.88,-0.36,22
KAZ,Kazakhstan,Upper middle income,57.1928556659864,2.11958146,7.07330739159969,2000,63.9950042058865,2.30152369,9.32859793003239,2022,6.8,0.18,22
TCD,Chad,Low income,43.1433211477585,1.52323806,5.09449632535206,2000,49.8649714366906,1.00766718,6.8732015853411,2022,6.72,-0.52,22
ZWE,Zimbabwe,Lower middle income,48.8495303644153,2.75335717,6.80411607826491,2010,55.5705494691951,1.17876518,7.6209729857805,2022,6.72,-1.57,12
MNG,Mongolia,Upper middle income,56.1673850402096,4.61119699,6.16547573244546,2000,62.6722145302841,3.11989594,8.51589532447818,2022,6.5,-1.49,22
BGD,Bangladesh,Lower middle income,54.7852795889272,0.50841981,5.9831065417121,2000,60.9868308209447,0.1549108,7.90709438571102,2022,6.2,-0.35,22
IND,India,Lower middle income,54.4543238157545,0.84906155,6.09300577115692,2000,60.6497745798332,1.2928915,7.76108418500224,2022,6.2,0.44,22
KGZ,Kyrgyz Republic,Lower middle income,58.3786568215094,2.13439822,5.63343775577934,2000,64.5494180240456,2.64341927,7.46147956516266,2022,6.17,0.51,22
GNB,Guinea-Bissau,Low income,46.1950668438208,0.5933851,5.75872981914956,2000,52.121652365876,1.09963667,6.77243699009519,2022,5.93,0.51,22
MMR,Myanmar,Lower middle income,51.5519518263178,0.27975121,5.28127079901658,2000,57.4538790518122,0.57522529,7.05449287856621,2022,5.9,0.3,22
GNQ,Equatorial Guinea,Upper middle income,46.7361662009513,0.31905925,7.30472880253375,2000,52.556861114149,0.76469702,8.93449459328561,2022,5.82,0.45,22
GHA,Ghana,Lower middle income,50.7231872420276,0.78690648,5.53633745620761,2000,56.2836801032793,2.05082273,7.7097080859004,2022,5.56,1.26,22
RUS,Russian Federation,High income,56.9606990839288,2.9796474,7.47963505087111,2000,62.4483115470239,4.88805008,9.65628272768621,2022,5.49,1.91,22
QAT,Qatar,High income,63.9552246358822,1.1739918,10.2232198456162,2000,69.3208622420781,1.79268515,11.3930316659324,2022,5.37,0.62,22
ARE,United Arab Emirates,High income,63.3066964282433,1.64852011,10.3044593256198,2000,68.614896552636,2.76933408,10.8177575500515,2022,5.31,1.12,22
EST,Estonia,High income,61.5008261580395,3.92115879,8.3115479046136,2000,66.7573847625541,5.22467852,10.2559437825902,2022,5.26,1.3,22
KOR,"Korea, Rep.",High income,66.1717382131527,1.95133317,9.41385416708948,2000,71.3088138177196,5.92036963,10.3857495948749,2022,5.14,3.97,22
AFG,Afghanistan,Low income,50.708449108,0.08418062,5.18712928344022,2002,55.5711575259034,0.18147056,5.87846703479195,2022,4.86,0.1,20
ZAF,South Africa,Upper middle income,50.9387371099163,2.68480206,8.076467761003,2000,55.7889575489831,5.40502357,8.78315267428151,2022,4.85,2.72,22
MDA,Moldova,Upper middle income,60.0042732984624,2.90143156,6.08799825986407,2000,64.8266150758718,4.5151453,8.65596267352548,2022,4.82,1.61,22
BHR,Bahrain,High income,61.325090085856,2.3711853,9.56201670150735,2000,65.8459458390793,2.49091506,10.3245150010619,2022,4.52,0.12,22
THA,Thailand,Upper middle income,62.0616769845131,1.71153057,7.60388647550586,2000,66.5831619740921,3.89274025,8.84063125364294,2022,4.52,2.18,22
YEM,"Yemen, Rep.",Low income,55.3059250095336,2.37196207,6.20098610417744,2000,59.5911293013789,0.30541709,6.42276320637591,2022,4.29,-2.07,22
MDV,Maldives,Upper middle income,62.5387401150254,2.56440163,7.70247135381923,2000,66.8137844869153,7.54362154,9.37466844212709,2022,4.28,4.98,22
COM,Comoros,Lower middle income,60.2630749445134,0.89238626,6.48464713890523,2000,64.5202517936123,0.86589533,7.33555415691696,2022,4.26,-0.03,22
ERI,Eritrea,Low income,47.5260872114165,2.05245161,5.75053054486399,2000,51.7879800364579,0.76524723,6.53477913169924,2011,4.26,-1.29,11
HTI,Haiti,Lower middle income,48.2945006701418,0.87098479,6.71003583699256,2000,52.5494606361143,0.34204665,7.47342490920202,2022,4.25,-0.53,22
MDG,Madagascar,Low income,49.9859132479877,1.84771943,5.63579947008071,2000,54.1195538436562,0.93657237,6.22161257663355,2022,4.13,-0.91,22
BLR,Belarus,Upper middle income,59.7262248021657,4.15422821,7.15170517425935,2000,63.7825055975415,4.49853516,8.98652760438031,2022,4.06,0.34,22
TLS,Timor-Leste,Lower middle income,57.0238010046536,1.30327332,6.28208197038225,2003,61.0823472167548,10.30766392,7.75929209948557,2022,4.06,9,19
LKA,Sri Lanka,Lower middle income,62.7417773540444,2.20320439,6.74106390789086,2000,66.7611760962742,1.75683677,8.11451514659804,2022,4.02,-0.45,22
TUV,Tuvalu,Upper middle income,51.5489595479552,22.25426292,7.36481237660912,2000,55.5558703683506,13.32408428,8.68462566565155,2022,4.01,-8.93,22
DJI,Djibouti,Lower middle income,54.9088815570754,1.4098289,6.60341819006157,2000,58.9044862956411,1.03265727,8.04982857219024,2022,4,-0.38,22
PAK,Pakistan,Lower middle income,55.0984756965757,0.86511302,6.46511518433422,2000,59.0753683609331,1.10801363,7.33844801966503,2022,3.98,0.24,22
JOR,Jordan,Lower middle income,62.2431297338109,4.20303917,7.35921937663589,2000,66.1831308323588,2.49221253,8.37384268560778,2022,3.94,-1.71,22
SGP,Singapore,High income,69.6773917037579,1.21474111,10.0796585228374,2000,73.6096469048872,2.77292442,11.4108824344099,2022,3.93,1.56,22
STP,Sao Tome and Principe,Lower middle income,56.0713147087053,3.49420285,6.27115738433788,2000,59.9663885032182,4.12469578,7.77893872166554,2022,3.9,0.63,22
GAB,Gabon,Upper middle income,52.7248141361203,1.06383789,8.28976703304946,2000,56.484097145059,1.83213091,9.03708250530618,2022,3.76,0.77,22
COL,Colombia,Upper middle income,63.052328525339,4.20017815,7.84581044212455,2000,66.7922814288657,5.33477688,8.80693989133888,2022,3.74,1.13,22
IRN,"Iran, Islamic Rep.",Upper middle income,62.0730999631358,1.78084624,7.40853896584483,2000,65.7582015885588,2.62993145,8.3905166312688,2022,3.69,0.85,22
LVA,Latvia,High income,60.8749310120579,2.75761819,8.09504335342302,2000,64.5569307824467,4.93344879,9.91478503216876,2022,3.68,2.18,22
TUR,Turkiye,Upper middle income,62.1896165659343,2.83683038,8.34103893782372,2000,65.7638567835516,2.78341818,9.2756133881061,2022,3.57,-0.05,22
AZE,Azerbaijan,Upper middle income,59.6090067681115,0.86689276,6.48478369725538,2000,63.1724859135272,1.20668018,8.95810191705926,2022,3.56,0.34,22
SVN,Slovenia,High income,65.4970209784053,5.57140017,9.22382128584335,2000,68.9831541284785,7.05512381,10.2532228103895,2022,3.49,1.48,22
MAR,Morocco,Lower middle income,59.1327040269989,0.93646741,7.31262515789321,2000,62.5828014455474,2.3239212,8.14769241565604,2022,3.45,1.39,22
IRQ,Iraq,Upper middle income,56.5827531313863,1.35636795,6.70672523979664,2003,60.0247516482634,2.18493223,8.78274184887302,2022,3.44,0.83,19
HUN,Hungary,High income,61.9965907769094,4.66643333,8.44029435170067,2000,65.3862649382664,4.83920336,9.82464111624102,2022,3.39,0.17,22
ECU,Ecuador,Upper middle income,62.2510383512534,1.00422108,7.23145646724661,2000,65.6025530974349,4.59872866,8.78195232192963,2022,3.35,3.59,22
ROU,Romania,High income,61.9398497486228,3.33585477,7.4145301389343,2000,65.2522985091697,4.46498919,9.65232271037256,2022,3.31,1.13,22
ARM,Armenia,Upper middle income,63.1345813624974,0.95468217,6.3859539447738,2000,66.4204751319466,1.71535861,8.79056959227362,2022,3.29,0.76,22
IRL,Ireland,High income,66.9148374421216,4.57260036,10.1786376975713,2000,70.0803827480128,4.73404694,11.5639465822131,2022,3.17,0.16,22
LUX,Luxembourg,High income,67.8232960124831,4.93300676,10.7926043728864,2000,70.9963891369286,4.83443642,11.7257734698925,2022,3.17,-0.1,22
GTM,Guatemala,Upper middle income,57.403359134046,1.91270578,7.40790357626531,2000,60.5214286412225,2.42621732,8.58647692525484,2022,3.12,0.51,22
KWT,Kuwait,High income,65.0434477551124,1.59861708,9.86767109117025,2000,68.1433422152832,3.72393417,10.5961788566551,2022,3.1,2.13,22
PRT,Portugal,High income,66.4243204188455,5.99815702,9.35239291212776,2000,69.521498202747,6.53053427,10.111335502557,2022,3.1,0.53,22
UZB,Uzbekistan,Lower middle income,59.6617335970085,2.00684047,6.31923696246678,2000,62.7582820974359,2.50392389,7.85502783660185,2022,3.1,0.5,22
IDN,Indonesia,Upper middle income,60.1374448200592,0.549743,6.63818960896242,2000,63.1539832418196,1.3944068,8.46185696662215,2022,3.02,0.84,22
TKM,Turkmenistan,Upper middle income,58.2340722757509,1.88017917,6.45178943754483,2000,61.2529247021651,0.79879308,9.00655230382614,2022,3.02,-1.08,22
KIR,Kiribati,Lower middle income,57.7485881232694,7.51573658,6.73977113676911,2000,60.7151877465655,8.48891449,7.63519141670094,2022,2.97,0.97,22
LTU,Lithuania,High income,61.8612372548535,4.16960144,8.1018705619815,2000,64.7943508818604,4.73151922,10.1300565926985,2022,2.93,0.56,22
DNK,Denmark,High income,66.6983671059995,6.73534012,10.3327351090391,2000,69.6158721121763,7.95537901,11.1286050113818,2022,2.92,1.22,22
NLD,Netherlands,High income,65.9809497910251,5.31053734,10.1744749069677,2000,68.857842132551,6.92254639,10.9873806865989,2022,2.88,1.61,22
TJK,Tajikistan,Lower middle income,59.2147722740434,0.88544548,4.91943856272273,2000,62.0873556442408,1.78677893,6.95861900122328,2022,2.87,0.9,22
GMB,"Gambia, The",Low income,54.1584941832797,0.6015296,6.28795906133601,2000,57.0141131219519,1.52435625,6.72892148357031,2022,2.86,0.92,22
BOL,Bolivia,Lower middle income,57.7497955560567,2.43201661,6.88323413855729,2000,60.5946107202129,5.88703108,8.20081757373112,2022,2.84,3.46,22
VNM,Viet Nam,Lower middle income,63.6514222385117,1.68673158,6.00148859815246,2000,66.4117795916411,2.00186634,8.33030870558986,2022,2.76,0.32,22
SRB,Serbia,Upper middle income,62.6602590248401,4.04799891,6.88215586137893,2000,65.4026467295583,5.95365191,9.21263462360112,2022,2.74,1.91,22
OMN,Oman,High income,62.8085408694078,2.19491506,9.1854171068526,2000,65.5143052346052,2.46074057,10.052923547422,2022,2.71,0.27,22
CZE,Czechia,High income,64.7494374469121,5.05704689,8.70994706329095,2000,67.4310267280342,7.45911407,10.2499887474563,2022,2.68,2.4,22
SVK,Slovak Republic,High income,63.6022223880934,4.63913631,8.59815452518151,2000,66.2806982595864,6.17515564,9.96808549850132,2022,2.68,1.54,22
DZA,Algeria,Upper middle income,62.2883399569892,2.31351972,7.48038808599162,2000,64.9540733974146,1.71722472,8.50947399022394,2022,2.67,-0.6,22
PSE,West Bank and Gaza,Lower middle income,62.392421154357,2.72239161,7.29720742792393,2000,65.0534710948287,3.9269774,8.24274457463247,2022,2.66,1.2,22
ISR,Israel,High income,68.8684887602606,4.17564917,9.98536792784677,2000,71.5032048447633,4.87933254,10.9141720727549,2022,2.63,0.7,22
MRT,Mauritania,Lower middle income,55.379494221668,0.46969447,6.5234316983252,2000,58.0029589910434,1.75979567,7.58087953237653,2022,2.62,1.29,22
ALB,Albania,Upper middle income,65.0381206784044,2.76583052,7.05653769302614,2000,67.6295388872477,2.79900384,8.83148214461155,2022,2.59,0.03,22
GEO,Georgia,Upper middle income,60.6498582724711,0.82085949,6.61995124575206,2000,63.2183877924651,3.06025243,8.81430762881329,2022,2.57,2.24,22
POL,Poland,High income,63.8663842742714,3.6070292,8.41640907792436,2000,66.4392621564144,4.6841383,9.8464522003271,2022,2.57,1.08,22
BRN,Brunei Darussalam,High income,65.0053672113371,2.14453936,9.90997929298385,2000,67.4709002010433,1.67847669,10.5087027882086,2022,2.47,-0.47,22
NOR,Norway,High income,67.9295315423885,6.29176235,10.550020917002,2000,70.3573202879996,6.80973244,11.6015727750773,2022,2.43,0.52,22
BRA,Brazil,Upper middle income,61.5257589482645,3.47014546,8.23391424155302,2000,63.9241210758273,4.10490513,9.13576049481413,2022,2.4,0.63,22
FIN,Finland,High income,67.1452883912645,5.37109375,10.0997088302511,2000,69.4208152671646,7.89401913,10.8285508967772,2022,2.28,2.52,22
HND,Honduras,Lower middle income,61.7357864877785,3.02285886,6.99628251331991,2000,64.0117531449874,3.3738544,8.00746362285023,2022,2.28,0.35,22
MLT,Malta,High income,68.5170754404832,4.7191391,9.2445955093754,2000,70.7823126633753,6.38188028,10.4974849463046,2022,2.27,1.66,22
PNG,Papua New Guinea,Lower middle income,55.5892390912373,1.70150447,6.45513239613182,2000,57.8094319599537,1.53210604,8.03989572620426,2022,2.22,-0.17,22
TUN,Tunisia,Lower middle income,61.6591177938407,2.53482223,7.69577829929039,2000,63.8814633522859,3.94321561,8.21847662871472,2022,2.22,1.41,22
CHE,Switzerland,High income,68.8423649824146,2.60934997,10.5678499461743,2000,70.99115137956,4.09193945,11.4552382008703,2022,2.15,1.48,22
SYR,Syrian Arab Republic,Low income,61.2377938909621,1.61808777,7.03719322964254,2000,63.3808989839051,1.40585876,6.95813607825352,2022,2.14,-0.21,22
UKR,Ukraine,Upper middle income,58.9929895139897,2.51132536,6.48202773451267,2000,61.1318524411744,4.27551651,8.47134730676291,2021,2.14,1.76,21
SYC,Seychelles,High income,63.5947306615523,3.78593802,8.99512220737113,2000,65.652893298118,3.13010931,9.73131465482039,2022,2.06,-0.66,22
BEL,Belgium,High income,67.2845224121868,5.96185923,10.0475396922199,2000,69.3331463368611,8.09132671,10.8360895662792,2022,2.05,2.13,22
BGR,Bulgaria,High income,62.405796523957,3.4715004,7.39096020353795,2000,64.4227538283087,4.79345798,9.54678917401773,2022,2.02,1.32,22
AUT,Austria,High income,67.6281506044654,6.82578707,10.1059097914109,2000,69.6343672835557,8.64332867,10.8623906416254,2022,2.01,1.82,22
VCT,St. Vincent and the Grenadines,Upper middle income,61.7307226254621,2.78107834,8.23455315080917,2000,63.745382232813,3.23636723,9.17921689012972,2022,2.01,0.46,22
FSM,"Micronesia, Fed. Sts.",Lower middle income,55.9014260414425,1.77096093,7.6410679250032,2000,57.8997647745039,1.12128794,8.21882070882093,2022,2,-0.65,22
JPN,Japan,High income,70.5107982327973,5.65793514,10.5756500765173,2000,72.4593099578836,9.82434177,10.436044645018,2022,1.95,4.17,22
CPV,Cabo Verde,Lower middle income,62.4697352900704,3.16139579,7.08130076636926,2000,64.4112375095673,4.28369522,8.37177742895437,2022,1.94,1.12,22
BLZ,Belize,Upper middle income,60.8834361144564,1.42340589,8.46161088166032,2000,62.8093637098998,2.63710809,8.86339717527131,2022,1.93,1.21,22
KNA,St. Kitts and Nevis,High income,61.6295191616113,2.01197886,9.1398809382125,2000,63.4808281920611,2.93025994,9.95156371024531,2022,1.85,0.92,22
NZL,New Zealand,High income,66.639973383039,5.56446981,9.52084277258589,2000,68.4821226732602,8.14682388,10.7946663668926,2022,1.84,2.58,22
LCA,St. Lucia,Upper middle income,63.1250851067288,1.67430913,8.67923753373989,2000,64.9456604822678,2.13302684,9.48065939900872,2022,1.82,0.46,22
MKD,North Macedonia,Upper middle income,63.5725072678458,4.71220732,7.52935221243796,2000,65.3898156605891,4.33453941,8.93672391668581,2022,1.82,-0.38,22
HRV,Croatia,High income,64.6752605977629,6.50691032,8.50788027812315,2000,66.4721578167811,6.09427309,9.82369165654559,2022,1.8,-0.41,22
ITA,Italy,High income,68.976647910795,5.49627781,9.9129428878105,2000,70.752697587929,6.72013378,10.4816139348629,2022,1.78,1.22,22
MYS,Malaysia,Upper middle income,63.9828826844271,1.17325473,8.31471678203792,2000,65.7587296985854,1.97598696,9.37144611751724,2022,1.78,0.8,22
ESP,Spain,High income,68.8257021892616,4.87020016,9.59854178997157,2000,70.5797784513954,7.20880365,10.3179212788097,2022,1.75,2.34,22
VUT,Vanuatu,Lower middle income,59.5086213379687,2.46942925,7.28635483627562,2000,61.2332309246559,1.67315841,8.09935416767281,2022,1.72,-0.8,22
AUS,Australia,High income,67.800350076174,5.45143652,9.99289013346979,2000,69.4689942419939,7.35998535,11.0820966040323,2022,1.67,1.91,22
EGY,"Egypt, Arab Rep.",Lower middle income,58.1539161845814,1.73206902,7.21970993220825,2000,59.7908219049549,1.78292835,8.35073896111049,2022,1.64,0.05,22
CHL,Chile,High income,66.3827396376659,2.50570464,8.52773591264548,2000,67.9920009168222,5.07403803,9.64248743472882,2022,1.61,2.57,22
FRA,France,High income,68.3652347172954,6.97070313,10.0141606591821,2000,69.9789972799949,8.9622221,10.6233451118478,2022,1.61,1.99,22
GUY,Guyana,High income,56.8963851231743,1.78830874,6.83711460602891,2000,58.4835172758858,2.15520215,9.79330949595642,2022,1.59,0.37,22
SMR,San Marino,High income,69.9401743732618,4.30573463,10.5347781520189,2000,71.4731841301475,6.55952024,10.901626815911,2022,1.53,2.25,22
CYP,Cyprus,High income,67.5188145818464,2.18027377,9.57417430681326,2000,69.0005478062609,7.10785913,10.4310065401018,2022,1.48,4.93,22
DEU,Germany,High income,67.3862610720762,7.73281384,10.0827149937459,2000,68.8116025665226,10.12543774,10.8134808060174,2022,1.43,2.39,22
NRU,Nauru,High income,50.4022878636328,16.6683979,7.88178705463133,2000,51.8153010035151,15.79036999,9.46470612614078,2022,1.41,-0.88,22
MHL,Marshall Islands,Upper middle income,54.5477740167123,8.19225311,7.7252378257083,2000,55.944993856938,4.41693401,8.75192194319339,2022,1.4,-3.78,22
ATG,Antigua and Barbuda,High income,64.5201974203596,2.72769094,9.39495055593247,2000,65.8361870164385,3.28934598,9.90873371276746,2022,1.32,0.56,22
MCO,Monaco,High income,67.3801668003277,2.95726943,11.3118982917272,2000,68.6830145177474,2.94431448,12.3285203487119,2022,1.3,-0.01,22
SWE,Sweden,High income,69.4898292723406,6.18943739,10.2966362443594,2000,70.7722993047856,9.02388191,10.9204727998509,2022,1.28,2.83,22
PER,Peru,Upper middle income,65.4021128958255,2.34087849,7.57322977049648,2000,66.6483395377606,3.91110182,8.90254134948257,2022,1.25,1.57,22
TTO,Trinidad and Tobago,High income,59.6886195742599,1.56699646,8.72884532952408,2000,60.9409574970864,2.86555815,9.94627769677765,2022,1.25,1.3,22
AND,Andorra,High income,69.8946960556535,3.88115096,9.99013526413483,2000,71.07944104243,5.53698158,10.6552351666654,2022,1.18,1.66,22
ARG,Argentina,Upper middle income,64.5216284215545,4.49895144,8.94076208487159,2000,65.679121498721,5.7569623,9.5422078164399,2022,1.16,1.26,22
GBR,United Kingdom,High income,67.2741417057586,5.42484713,10.2499428912592,2000,68.3274667987498,9.17955971,10.7377651171618,2022,1.05,3.75,22
ISL,Iceland,High income,69.0556571826365,7.18854856,10.3764982890671,2000,70.0582423260603,7.86343193,11.2268556285414,2022,1,0.67,22
BIH,Bosnia and Herzegovina,Upper middle income,64.6529430993689,4.08413935,7.19929036630144,2000,65.5623754008528,5.73453379,8.94319192888638,2022,0.91,1.65,22
GRC,Greece,High income,67.8680649119011,4.46309471,9.36204816206698,2000,68.6703028511654,4.59715986,9.95093562249171,2022,0.8,0.13,22
URY,Uruguay,High income,64.8749243282221,3.81055403,8.85190688093699,2000,65.5739037633154,6.32145834,9.94360279860601,2022,0.7,2.51,22
SAU,Saudi Arabia,High income,62.5785448609716,3.03456283,9.36858799365137,2000,63.2527639231705,3.61828327,10.5586791374927,2022,0.67,0.58,22
MUS,Mauritius,Upper middle income,62.712242758179,1.52947044,8.28953532401675,2000,63.359946077995,2.74634552,9.23247246353674,2022,0.65,1.22,22
PLW,Palau,High income,59.03915095969,4.58880663,8.96152731929719,2000,59.6853618316145,5.79643393,9.57444175117553,2022,0.65,1.21,22
SLV,El Salvador,Upper middle income,61.4789558142788,3.94314837,7.59230104088785,2000,62.10868019258,6.12128019,8.53200339733244,2022,0.63,2.18,22
CAN,Canada,High income,67.3773394357378,6.00890827,10.0970375857291,2000,67.8630408940363,8.0003376,10.9376822145613,2022,0.49,1.99,22
GRD,Grenada,Upper middle income,62.8452643657975,1.86039817,8.48463448485327,2000,63.2844275441878,1.99874532,9.26250188268366,2022,0.44,0.14,22
MEX,Mexico,Upper middle income,62.5127260521041,1.91919184,8.92585679727368,2000,62.8930214380621,2.96899462,9.34155642705355,2022,0.38,1.05,22
PHL,Philippines,Lower middle income,61.7499106229216,1.3564229,6.95730014027653,2000,62.1291027885586,2.32400513,8.17415887698197,2022,0.38,0.97,22
SUR,Suriname,Upper middle income,60.9695505295227,2.84068179,7.59499591482723,2000,61.2631468965996,3.87608457,8.71348976901752,2022,0.29,1.04,22
PAN,Panama,High income,66.4031720078775,4.50806475,8.28780344482556,2000,66.6511393364774,4.75772953,9.7603349426113,2022,0.25,0.25,22
CUB,Cuba,Upper middle income,66.5848363758745,5.50884342,7.91985852682555,2000,66.8176504739535,11.3656826,9.17006627427811,2020,0.23,5.86,20
WSM,Samoa,Lower middle income,62.7748338329207,3.58244371,7.26175332323709,2000,63.0016040428866,5.02037048,8.26087189406793,2022,0.23,1.44,22
LBY,Libya,Upper middle income,62.9115261024169,1.61668956,8.88379277927221,2000,63.12683243716,3.1484828,8.69728508911884,2022,0.22,1.53,22
NIC,Nicaragua,Lower middle income,63.7298724887166,2.56718063,6.92491956960163,2000,63.9363845882059,5.15924931,7.75056761140444,2022,0.21,2.59,22
CRI,Costa Rica,Upper middle income,66.3028764091971,4.262187,8.24610701092126,2000,66.4926640736751,4.95363188,9.51972773471443,2022,0.19,0.69,22
FJI,Fiji,Upper middle income,58.6957652574825,2.63133216,7.59876052304939,2000,58.7400014591859,3.18935871,8.59508529187592,2022,0.04,0.56,22
DMA,Dominica,Upper middle income,64.6203216554299,3.36023808,8.49031497960669,2000,64.6524675781612,4.50666952,9.14031063043654,2022,0.03,1.15,22
MNE,Montenegro,Upper middle income,65.5718719394566,4.85758018,8.89913674294798,2011,65.590178393273,6.87829256,9.20936033651527,2022,0.02,2.02,11
BRB,Barbados,High income,64.9684049723943,2.76476121,9.36517712901376,2000,64.8748000646039,2.83460712,10.0062258042957,2022,-0.09,0.07,22
BHS,"Bahamas, The",High income,61.6435541424645,1.50591624,10.1242313270322,2000,61.5481753290273,4.06823969,10.4618786287603,2022,-0.1,2.56,22
SLB,Solomon Islands,Lower middle income,56.4249870890355,4.44415522,6.85979526658726,2000,56.2974349519731,3.32158995,7.60360579888527,2022,-0.13,-1.12,22
JAM,Jamaica,Upper middle income,64.2061395346282,3.18738079,8.14702549344055,2000,64.0663590379375,5.92761612,8.70320018163615,2022,-0.14,2.74,22
TON,Tonga,Upper middle income,62.2793899074388,2.30323911,7.5984377624013,2000,62.0498594343215,3.97319055,8.50371773781244,2022,-0.23,1.67,22
USA,United States,High income,64.629838088502,5.5427599,10.500398306596,2000,63.9687275119008,9.10163784,11.26267932532,2022,-0.66,3.56,22
LBN,Lebanon,Lower middle income,66.9141232628908,3.22929931,8.29075299699302,2000,65.5835279111158,1.96468723,8.20367583156515,2022,-1.33,-1.26,22
DOM,Dominican Republic,Upper middle income,63.5288524820173,1.71051323,7.94854734770506,2000,61.9816580658052,2.67142582,9.22071090511696,2022,-1.55,0.96,22
PRY,Paraguay,Upper middle income,64.1217131233989,2.32489133,7.45940645751605,2000,61.8693597926698,4.08453465,8.7332115714861,2022,-2.25,1.76,22
