record_id,title,authors,year,journal,doi,decision,exclusion_reason
42574166,A Study on Health Variables of the BRICS Countries: From Period 2000 to 2019.,Sumandeep; Kiran Ravi; Sharma Rakesh Kumar,2026,Indian journal of public health,10.4103/ijph.ijph_433_23,Included,
42568929,"Temporal trends and associations between domestic public health spending, donor funding and tuberculosis outcomes in Africa: a serial cross-sectional study (1990-2022).",Limula Charles; Atta-Nyarko Daniel; Gyamfi Ebenezer; Messanga Bessala Rostand Dimitri; Adotei Naomi; Marfo Faustina Ameyaa; Abubakr Ahmed Farhan; Adobasom-Anane Austin Gideon; Nketia Richmond,2026,BMJ public health,,Excluded,No health outcome
42538115,Impact of government health expenditure on health outcomes in China: a quantitative analysis of mediation and threshold effects.,Gui Mei; Kuang Xianming; Ji Caifa,2026,BMJ open,,Excluded,Sub-national design only
42464231,Reassessing the health-agriculture nexus: evidence from super-efficiency DEA and panel models in OECD countries.,Selamzade Fuad,2026,BMC public health,,Excluded,No GHE exposure
42422535,Perspectives of cardiac care providers on the continuum of care among women with cardiovascular disease in a tertiary care hospital of South India.,Rao Arathi P; Lewis Mitchelle Shilpa; Noronha Judith Angelitta; Rao M Sudhakar; Basu Agnivo; Madhivanan Purnima,2026,Clinical epidemiology and global health,,Excluded,Sub-national design only
42385762,"Global, regional, and national burden of tuberculosis and multidrug-resistant tuberculosis by HIV status, 1990-2023: a systematic analysis for the Global Burden of Disease Study 2023.",,2026,The Lancet. Infectious diseases,,Excluded,No GHE exposure
42382572,Strengthening health systems in low and middle-income countries: performance determinants and pathways to universal health coverage.,Sethy Mayadhar; Mahapatro Sandhya R; Mundu Grace Bahalen; Sahoo Dipti Mayee,2026,Frontiers in health services,,Excluded,No health outcome
42377653,Beyond spending: nonlinear impacts of health financing and out-of-pocket costs on mortality in Africa.,Folitse Denis; Odoom Christopher; Boateng Alexander; Gil-Alana Luis Alberiko,2026,Health economics review,,Excluded,Sub-national design only
42362782,Comparing universal health coverage models: an analysis of policy transmission efficiency in SAARC and ASEAN countries.,Ghosh Avik,2026,The European journal of health economics : HEPAC : health economics in prevention and care,,Excluded,No health outcome
42354281,"Environmental Quality, Renewable Energy, and Life Expectancy in Gulf Cooperation Council Countries.",Abid Ihsen,2026,International journal of environmental research and public health,,Excluded,No GHE exposure
42315102,Does increasing overall health expenditure reduce inequality in under 5 mortality rates between provinces in Indonesia?,Ochoa-Moreno Iván; Kreif Noemi; Hidayat Taufik; Kurnia Sari; Hidayat Budi; Griffin Susan,2026,Health policy and planning,,Excluded,Sub-national design only
42288568,Assessing the effects of population aging on health financing structures: evidence from APEC countries using panel data.,Nal Mustafa; Durmuş Veli; Şahin Güller; Bektaş Gülfer,2026,Scientific reports,,Excluded,No health outcome
42283042,"Transforming the health system in Gombe State: accomplishments, challenges and the next frontier.",Dahiru Habu; Alawode Gafar Bolaji; Abdulkarim Suraj; Shuaibu Abdulrahman; Musa Abubakar; Abdulrazak Ismail Olajide,2026,The Pan African medical journal,,Excluded,Sub-national design only
42194464,The Structural Imbalance and Trajectory of Chinese National Policies on Medical-Preventive Integration: A Three-Dimensional Analysis of Policy Instruments (2015-2025).,Xu Wenjie; Zhang Chi; Yang Yuqi; Du Xinyi; Zhang Yongze; Wu Fang,2026,"Healthcare (Basel, Switzerland)",,Excluded,No GHE exposure
42022433,Better Governance and Skilled Health Workforce Density: Are They Twin Catalysts for Health Outcomes in Sub-Saharan Africa?,Kouadio Michael,2026,Public health challenges,,Excluded,No GHE exposure
41964839,The impact of health risks on healthcare expenditure in European countries.,Zimmermannová Jarmila; Helman Karel; Hájek Miroslav,2026,The European journal of health economics : HEPAC : health economics in prevention and care,,Excluded,No health outcome
41877334,"Global patterns and disparities in maternal and child health: a panel analysis of global health observatory and world development indicators data, 2000-2023.",Mandizadza Oscar Onayi; Phebeni Ropafadzo Tsepang; Ji Conghua,2026,BMJ open,,Excluded,No GHE exposure
41814241,"Financial determinants of effective hypertension and diabetes care in rural primary health facilities in Kisumu, Kenya: a mixed-methods study.",Amollo Nichodemus Werre; Ogol Japheth; Museve Elijah; Owenga Jane Adhiambo; Aduda Dickens Omondi; Onguru Daniel,2026,BMC public health,,Excluded,Sub-national design only
41764361,How Corruption Influences Population Health.,Kyriopoulos Ilias; Minos Dimitrios; Vandoros Sotiris; Mossialos Elias,2026,The Milbank quarterly,,Excluded,No GHE exposure
41689602,"Cancer navigation in Africa: challenges, impacts, and future directions.",Adegbesan Abiodun; Akingbola Adewunmi; Tundealao Samuel; Afolabi Boluwatife Olu; Adekoya Stephen Oluwatimilehin; Abraham Miracle Ifeoluwa; Udeobi Onyinye; Oduntan Olajuwon Omotolani; Oyeyemi Akosile Abiodun; Shagaya Uchechukwu; Chuku Joel,2026,Supportive care in cancer : official journal of the Multinational Association of Supportive Care in Cancer,,Excluded,Review or commentary without original analysis
41635454,Building health system resilience in Romania: a consensus on policy priorities.,Blidaru Teodor Cristian; Forray Alina Ioana; Garofil Dragos; Mezinu-Bălan Larisa; Lazăr Oana; Stoea Iulia; Vlădescu Cristian; Dașcă Laurențiu; Iordache Gratiela; Iliescu Radu; Sîmbotin Raluca; Anghel Otilia; Voda Adina-Maria; Mohîrță Decebal; Pitel Ecaterina; Vatachki Guenadiy; Deleanu Valentina; Co,2025,Journal of medicine and life,,Excluded,Review or commentary without original analysis
41550028,"Mental health burdens, typhoon and structural health inequities: evidence from a global perspective.",Yang Ruoxi; Huang Yu,2026,Global health action,,Excluded,No GHE exposure
41373384,Innovating for Health: Measuring the Path of Global Innovation in Healthcare Systems.,Criveanu Cristina; Doran Nicoleta Mihaela; Gheorghiță Veronica; Stăiculescu Oana,2025,"Healthcare (Basel, Switzerland)",,Excluded,No health outcome
41237708,[Analysis of the relationship between public health expenditure and health outcomes in Spain (2002-2022)].,Escandell Rico F M; Pérez Fernández L,2026,Journal of healthcare quality research,10.1016/j.jhqr.2025.101179,Included,
41233630,Subnational life expectancy disparities in low and middle-income countries: measurement and determinants.,Kyriacou Andreas; Miranda-Lescano Ronald; Muinelo-Gallo Leonel; Roca-Sagales Oriol,2025,Health economics review,,Excluded,Sub-national design only
41163104,The maternal and child mortality in the Middle East and North Africa between 2000 and 2020: the role of health financing.,Gao Tianjiao; Farag Marwa; Li Guohong; Zeng Wu,2025,Global health research and policy,10.1186/s41256-025-00459-1,Included,
41126498,Association of State and Local Social and Public Health Spending With Cancer Incidence and Mortality.,Newton Laura E; Dragan Kacie L; Cusimano Lucas D; Loehrer Andrew P,2025,Cancer control : journal of the Moffitt Cancer Center,,Excluded,Sub-national design only
41017309,What affects the performance of hospital financing interventions in low and lower-middle income countries from the program design and implementation perspective? A scoping review.,Zeng Wu; Boiangiu Mara; Trachsel Natalie; Jarawan Eva; Turbat Vincent; Meessen Bruno,2025,Health policy and planning,,Excluded,Review or commentary without original analysis
40970110,"Achieving Universal Health Coverage in Cambodia: Barriers, Strategies, and Policy Recommendations.",Sorn Virak,2025,Health science reports,,Excluded,Review or commentary without original analysis
40866812,"Financial development, public health financing, and health outcomes in Sub-Saharan Africa.",Musah Abubakar; Aawaar Godfred; Musah Godwin; Abdul-Mumuni Abdallah,2025,BMC public health,,Excluded,Sub-national design only
40717485,Impact of Government Health Expenditure on Maternal Mortality: An Appraisal of South-Asian-Economies.,Jan Azhar; Gupta Meenakshi; Aftaab-Ul-Maroof Sheikh,2025,"Inquiry : a journal of medical care organization, provision and financing",10.1177/00469580251339069,Included,
40386870,North Macedonia: Health System Review.,Milevska Kostova Neda; Atanasova Simona; Dimkovski Vladimir; Stevanovski Goran; Stæhr Johansen Anne; Winkelmann Juliane; Rechel Bernd,2024,Health systems in transition,,Excluded,Review or commentary without original analysis
40376441,World Health Day 2025: Time to Change Mindset Beyond Global Commitment to Maternal Health and Women's Well-Being.,Wang Minmin; Ren Minghui,2025,China CDC weekly,,Excluded,Review or commentary without original analysis
40205437,Financing of non-communicable diseases in Afghanistan.,Neyazi Narges; Mosadeghrad Ali Mohammad; Tajvar Maryam; Safi Najibullah,2025,International journal for equity in health,,Excluded,No health outcome
40151906,"Long-term outcomes of a paediatric quality improvement project in Central Asia: changes take time, time for a change.",Jullien Sophie; Abdulkhafizovich Shamsov Bakhtovar; Allakhveranova Rabiia; Mirsaidova Manzura; Nazhimidinova Gulmira; Tilenbaeva Nurshaim; Yusupova Shoira; Weber Martin W; Carai Susanne,2025,Journal of global health,,Excluded,Sub-national design only
40140811,Threshold effect of governance quality in the relationship between public health expenditure and life expectancy at birth in the West African Economic and Monetary Union.,Boundioa Jacques; Thiombiano Noël,2025,BMC health services research,10.1186/s12913-025-12603-1,Included,
39962535,"Measurement of district health system strengthening efforts for maternal and newborn health service delivery: synchronized application of evaluation models in the West Nile region, Uganda, 2019-2021.",Muhumuza Simon; Lutalo Ibrahim M; Ssendiwala Julius; Latigi Grace; Pirio Patricia; Msukwa Chimwemwe; Mwanyumba Fabian; Gohar Fatima; Hailegebriel Tedbabe Degefie; Asfaw Atnafu Getachew; Bergh Anne-Marie,2025,BMC health services research,,Excluded,Sub-national design only
39819394,Exploring health outcome disparities in African regional economics communities: a multilevel linear mixed-effect analysis.,Mouteyica Ariane Ephemia Ndzignat; Ngepah Nicholas,2025,BMC public health,,Excluded,No GHE exposure
39663163,"Social Health Insurance for Universal Health Coverage in Low and Middle-Income Countries (LMICs): a retrospective policy analysis of attainments, setbacks and equity implications of Kenya's social health insurance model.",Nungo Susan; Filippon Jonathan; Russo Giuliano,2024,BMJ open,,Excluded,Review or commentary without original analysis
39624418,The impact of regional poverty on public health expenditure efficacy across South Africa's provinces: investigating the influence of historical economic factors on health.,Dlamini Msawenkosi; Mbonigaba Josue,2024,Frontiers in public health,,Excluded,Sub-national design only
39552789,"Examining Macro-Level Barriers and Facilitators to Scaling Up Integrated Care from a Complexity Perspective: A Multi-Case Study of Cambodia, Slovenia, and Belgium.",Martens Monika; Chham Savina; Črt Zavrnik; Danhieux Katrien; Wouters Edwin; Chhim Srean; Susič Antonija Poplas; Ketiš Zalika Klemenc; Ir Por; Remmen Roy; Klipstein-Grobusch Kerstin; Van Damme Wim; Ku Grace Marie; Van Olmen Josefien,2024,International journal of integrated care,,Excluded,Sub-national design only
39405320,Health outcome convergence and the roles of public health financing and governance in Africa.,Ndzignat Mouteyica Ariane Ephemia; Ngepah Nicholas Nwanyek,2024,PloS one,10.1371/journal.pone.0312089,Included,
39342578,"Economic Evaluation of Cervical Cancer Screening by HPV DNA, VIA, and Pap smear Methods in Indonesia.",Hafidz Firdaus; Icanervilia Ajeng Viska; Rizal Muhammad Fikru; Listiani Putri; Setyaningsih Hermawati; Sasanti Maria Lastri; Ekawati Fitriana Murriya; Atthobari Jarir At; Utami Tofan Widya; Trirahmanto Addin; Tjokroprawiro Brahmana Askandar; Harsono Ali Budi; Masytoh Lusiana Siti; Haryani Windi; Sub,2024,Asian Pacific journal of cancer prevention : APJCP,,Excluded,Review or commentary without original analysis
39235195,A global overview of health system financing and available infrastructure and oversight for kidney care.,Yeung Emily K; Khanal Rohan; Sarki Abdulshahid; Arruebo Silvia; Damster Sandrine; Donner Jo-Ann; Caskey Fergus J; Jha Vivekanand; Levin Adeera; Nangaku Masaomi; Saad Syed; Ye Feng; Okpechi Ikechi G; Bello Aminu K; Tonelli Marcello; Johnson David W,2024,"Nephrology, dialysis, transplantation : official publication of the European Dialysis and Transplant Association - European Renal Association",,Excluded,No health outcome
39232770,Sociopolitical context and COVID-19 fatality rates in OECD countries: a configurational approach.,Paykani Toktam; Oana Ioana-Elena,2024,BMC public health,,Excluded,No GHE exposure
39024379,"""Sickness has no time"": Awareness and perceptions of health care workers on universal health coverage in Uganda.",Ifeagwu Susan C; Nakaboga Kikonyogo Ruth; Nakkazi Suzan; Beinomugisha Joshua; Ojiambo Wandera Stephen; Kiwanuka Suzanne N; King Rachel; Van Bortel Tine; Brayne Carol; Parkes-Ratanshi Rosalind,2024,PloS one,,Excluded,Sub-national design only
38978095,Effectiveness of public health spending: Investigating the moderating role of governance using partial least squares structural equation modelling (PLS-SEM).,Kabongo Wa Ntita Serge; Mbonigaba Josue,2024,Health research policy and systems,10.1186/s12961-024-01159-x,Included,
38841877,Denmark: Health System Review.,Birk Hans Okkels; Vrangbæk Karsten; Rudkjøbing Andreas; Krasnik Allan; Eriksen Astrid; Richardson Erica; Jervelund Signe Smith,2024,Health systems in transition,,Excluded,Review or commentary without original analysis
38753811,Tackling syndemics by integrating infectious and noncommunicable diseases in health systems of low- and middle-income countries: A narrative systematic review.,Jackson-Morris Angela; Masyuko Sarah; Morrell Lillian; Kataria Ishu; Kocher Erica L; Nugent Rachel,2024,PLOS global public health,,Excluded,Review or commentary without original analysis
38454438,Factors influencing inequality in government health expenditures within African regional economic communities.,Ngepah Nicholas; Mouteyica Ariane Ephemia Ndzignat,2024,BMC health services research,,Excluded,No health outcome
38372932,Public health spending in Sub-Saharan Africa: exploring transmission mechanisms using the latent growth curve mediation model.,Kabongo Wa Ntita Serge; Mbonigaba Josue,2024,Health economics review,10.1186/s13561-023-00472-5,Included,
38365413,An update on the global disparities in kidney disease burden and care across world countries and regions.,Bello Aminu K; Okpechi Ikechi G; Levin Adeera; Ye Feng; Damster Sandrine; Arruebo Silvia; Donner Jo-Ann; Caskey Fergus J; Cho Yeoungjee; Davids M Razeen; Davison Sara N; Htay Htay; Jha Vivekanand; Lalji Rowena; Malik Charu; Nangaku Masaomi; See Emily; Sozio Stephen M; Tonelli Marcello; Wainstein Mar,2024,The Lancet. Global health,,Excluded,Review or commentary without original analysis
38362207,Implementing health system and the new federalism in Somalia: challenges and opportunities.,Said Adam Sheikh; Kicha Dmitry Ivanovich,2024,Frontiers in public health,,Excluded,Review or commentary without original analysis
38336729,Effect of public health expenditure on maternal mortality ratio in the West African Economic and Monetary Union.,Boundioa Jacques; Thiombiano Noël,2024,BMC women's health,10.1186/s12905-024-02950-2,Included,
38261999,Adjustments in purchasing arrangements to support the COVID-19 health sector response: evidence from eight middle-income countries.,Parmar Divya; Mathauer Inke; Bloom Danielle; Dkhimi Fahdi; Abuosi Aaron Asibi; Chen Dorothee; Chukwuma Adanna; de Claro Vergil; Comsa Radu; Domingo Albert Francis; Doroshenko Olena; Gong Estelle; Goroshko Alona; Nketiah-Amponsah Edward; Lylozian Hratchia; Nkangu Miriam; Onwujekwe Obinna; Obikeze Obi,2024,Health policy and planning,,Excluded,No health outcome
38230754,Estonia: Health System Review.,Kasekamp Kaija; Habicht Triin; Võrk Andres; Köhler Kristina; Reinap Marge; Kahur Kristiina; Laarmann Heli; Litvinova Yulia,2023,Health systems in transition,,Excluded,Review or commentary without original analysis
38225860,Does Public Financial Management Save Life? Evidence from a Quantitative Review of PFM and Health Outcomes in Sub-Saharan African Countries.,Tapsoba Yann; Silim Amna; Frimpong Kingsley Addai; Barroy Hélène,2024,Health systems and reform,,Excluded,Review or commentary without original analysis
38156335,Facilitators and Barriers to Scaling-Up Integrated Care for Arterial Hypertension and Type 2 Diabetes in Slovenia: Qualitative Study.,Zavrnik Črt; Stojnić Nataša; Mori Lukančič Majda; Mihevc Matic; Virtič Potočnik Tina; Klemenc-Ketiš Zalika; Poplas Susič Antonija,2024,Zdravstveno varstvo,,Excluded,Sub-national design only
38110967,Political Economy of Non-Communicable Disease (NCD) prevention and control in Lebanon: identifying challenges and opportunities for policy change and care provision reforms.,Bou-Orm Ibrahim R; Loffreda Giulia; Diaconu Karin; Witter Sophie; deVos Pol,2023,BMC public health,,Excluded,Review or commentary without original analysis
38025920,Improving Middle-Income Countries Access to Vaccines. A Blueprint to Overcome Current Challenges.,Espinal Carlos; Becerra-Posada Francisco; Torres Jaime R,2023,Annals of global health,,Excluded,Review or commentary without original analysis
38007489,Dataset of the impact of food insecurity on health outcomes in sub-Saharan Africa.,Beyene Sisay Demissew,2023,BMC research notes,,Excluded,No GHE exposure
37988058,Country-Level Factors Associated With Nurse Salaries: Empirical Evidence From Organisation for Economic Co-operation and Development Countries and Taiwan.,Chang Yu-Hung; Hsu Chia Hui; Tseng Yu-Chun; Hsiung Chao A,2023,The journal of nursing research : JNR,,Excluded,No health outcome
37950257,A global perspective on the governance-health nexus.,Azimi Mohammad Naim; Rahman Mohammad Mafizur; Nghiem Son,2023,BMC health services research,,Excluded,No GHE exposure
37861131,"Spatiotemporal patterns of healthy life expectancy and the effects of health financing in West African countries, 1995-2019: A Spatial Panel Modelling Study.",Zeng Meng; Niu Lu,2023,Journal of global health,10.7189/jogh.13.04123,Included,
37851126,Do public health expenditures affect maternal and child health in Madagascar?,Razakamanana Marilys Victoire; Andrianatoandro Voahirana Tantely; Ramiandrisoa Tiarinisaina Olivier,2023,Health economics review,10.1186/s13561-023-00462-7,Included,
37461113,Heterogeneity in health funding and disparities in health outcome: a comparison between high focus and non-high focus states in India.,Mohanty Ranjan Kumar; Behera Deepak Kumar,2023,Cost effectiveness and resource allocation : C/E,,Excluded,Sub-national design only
37347062,The long-run effects of health aid in low-income countries.,Negeri Keneni Gutema,2023,Journal of public health in Africa,,Excluded,No GHE exposure
37162604,Health outcome convergence in Africa: the roles of immunization and public health spending.,Mouteyica Ariane Ephemia Ndzignat; Ngepah Nicholas,2023,Health economics review,10.1186/s13561-023-00436-9,Included,
37072839,Financing of health services for undocumented immigrants in Iran: common challenges and potential solutions.,Etemadi Manal; Shahabi Saeed; Lankarani Kamran Bagheri; Heydari Seyed Taghi,2023,Globalization and health,,Excluded,Review or commentary without original analysis
36966780,"Assessing COVID-19 pandemic policies and behaviours and their economic and educational trade-offs across US states from Jan 1, 2020, to July 31, 2022: an observational analysis.",Bollyky Thomas J; Castro Emma; Aravkin Aleksandr Y; Bhangdia Kayleigh; Dalos Jeremy; Hulland Erin N; Kiernan Samantha; Lastuka Amy; McHugh Theresa A; Ostroff Samuel M; Zheng Peng; Chaudhry Hamza Tariq; Ruggiero Elle; Turilli Isabella; Adolph Christopher; Amlag Joanne O; Bang-Jensen Bree; Barber Ryan,2023,"Lancet (London, England)",,Excluded,Sub-national design only
36951263,Italy: Health System Review.,Giulio de Belvis Antonio; Meregaglia Michela; Morsella Alisha; Adduci Andrea; Perilli Alessio; Cascini Fidelia; Solipaca Alessandro; Fattore Giovanni; Ricciardi Walter; Maresso Anna; Scarpetti Giada,2022,Health systems in transition,,Excluded,Review or commentary without original analysis
36575334,Analysing the Efficiency of Health Systems: A Systematic Review of the Literature.,Mbau Rahab; Musiega Anita; Nyawira Lizah; Tsofa Benjamin; Mulwa Andrew; Molyneux Sassy; Maina Isabel; Jemutai Julie; Normand Charles; Hanson Kara; Barasa Edwine,2023,Applied health economics and health policy,,Excluded,Review or commentary without original analysis
36562733,Can Strategic Health Purchasing Reduce Inefficiency and Corruption in the Health Sector? The Case of Nigeria.,Onwujekwe Obinna; Agwu Prince,2022,Health systems and reform,,Excluded,Review or commentary without original analysis
36522731,A systematic review of individual and ecological determinants of maternal mortality in the world based on the income level of countries.,Tajvar Maryam; Hajizadeh Alireza; Zalvand Rostam,2022,BMC public health,,Excluded,Review or commentary without original analysis
36480236,The effect of health financing systems on health system outcomes: A cross-country panel analysis.,Gabani Jacopo; Mazumdar Sumit; Suhrcke Marc,2023,Health economics,10.1002/hec.4635,Included,
35997895,Estimating the Health Effects of Expansions in Health Expenditure in Indonesia: A Dynamic Panel Data Approach.,Moler-Zapata Silvia; Kreif Noémi; Ochalek Jessica; Mirelman Andrew J; Nadjib Mardiati; Suhrcke Marc,2022,Applied health economics and health policy,10.1007/s40258-022-00752-x,Included,
35879697,The superposition effects of air pollution on government health expenditure in China- spatial evidence from GeoDetector.,Xia Qi; Zhang Xiyu; Hu Yanmin; Tian Wanxin; Miao Wenqing; Wu Bing; Lai Yongqiang; Meng Jia; Fan Zhixin; Zhang Chenxi; Xin Ling; Miao Jingying; Wu Qunhong; Jiao Mingli; Shan Linghan; Wang Nianshi; Shi Baoguo; Li Ye,2022,BMC public health,,Excluded,No health outcome
35801583,Neighborhood inequalities and the decline of infant mortality in São Paulo.,Gusmano Michael K; Grafova Irina; Ayoub Rafael; Weisz Daniel; Rodwin Victor G,2023,"Health economics, policy, and law",,Excluded,Sub-national design only
35761378,The predictors of COVID-19 mortality among health systems parameters: an ecological study across 203 countries.,Neogi Sutapa Bandyopadhyay; Pandey Shivam; Preetha G S; Swain Sumant,2022,Health research policy and systems,,Excluded,No health outcome
35400071,"Role of Environmental Degradation, Institutional Quality, and Government Health Expenditures for Human Health: Evidence From Emerging Seven Countries.",Wei Jiping; Rahim Syed; Wang Shizhen,2022,Frontiers in public health,10.3389/fpubh.2022.870767,Included,
35124741,Does voluntary health insurance improve health and longevity? Evidence from European OECD countries.,Dragos Simona Laura; Mare Codruta; Dragos Cristian Mihai; Muresan Gabriela Mihaela; Purcel Alexandra-Anca,2022,The European journal of health economics : HEPAC : health economics in prevention and care,,Excluded,No GHE exposure
34994690,Slovenia: Health System Review.,Albreht Tit; Polin Katherine; Pribaković Brinovec Radivoje; Kuhar Marjeta; Poldrugovac Mircha; Ogrin Rehberger Petra; Prevolnik Rupel Valentina; Vracko Pia,2021,Health systems in transition,,Excluded,Review or commentary without original analysis
34946475,Factors Associated with Out-of-Pocket Health Expenditure in Polish Regions.,Łyszczarz Błażej; Abdi Zhaleh,2021,"Healthcare (Basel, Switzerland)",,Excluded,Sub-national design only
34748114,What drives variations in public health and social services expenditures? the association between political fragmentation and local expenditure patterns.,Kim Yonsu; Kim Jae Hong,2022,The European journal of health economics : HEPAC : health economics in prevention and care,,Excluded,Sub-national design only
34715058,The global and regional costs of healthy and sustainable dietary patterns: a modelling study.,Springmann Marco; Clark Michael A; Rayner Mike; Scarborough Peter; Webb Patrick,2021,The Lancet. Planetary health,,Excluded,No GHE exposure
34682472,Government Health Expenditure and Public Health Outcomes: A Comparative Study among EU Developing Countries.,Onofrei Mihaela; Vatamanu Anca-Florentina; Vintilă Georgeta; Cigu Elena,2021,International journal of environmental research and public health,10.3390/ijerph182010725,Included,
33532857,The relationship between development assistance for health and public health financing in 134 countries between 2000 and 2015.,Patenaude Bryan N,2021,Health policy and planning,,Excluded,No health outcome
33527903,Canada: Health System Review.,Marchildon Gregory P; Allin Sara; Merkur Sherry,2020,Health systems in transition,,Excluded,Review or commentary without original analysis
33388634,Noncommunicable disease outcomes and the effects of vertical and horizontal health aid.,Kostova Deliana; Nugent Rachel; Richter Patricia,2021,Economics and human biology,,Excluded,No GHE exposure
32863241,Norway: Health System Review.,Saunes Ingrid Sperre; Karanikolos Marina; Sagan Anna,2020,Health systems in transition,,Excluded,Review or commentary without original analysis
32863240,Latvia: Health System Review.,Behmane Daiga; Dudele Alina; Villerusa Anita; Misins Janis; Klavina Kristine; Mozgis Dzintars; Scarpetti Giada,2019,Health systems in transition,,Excluded,Review or commentary without original analysis
32851979,Serbia: Health System Review.,Bjegovic-Mikanovic Vesna; Vasic Milena; Vukovic Dejana; Jankovic Janko; Jovic-Vranes Aleksandra; Santric-Milicevic Milena; Terzic-Supic Zorica; Hernandez-Quevedo Cristina,2019,Health systems in transition,,Excluded,Review or commentary without original analysis
32600381,CARTA fellows' scientific contribution to the African public and population Health Research agenda (2011 to 2018).,Igumbor Jude O; Bosire Edna N; Basera Tariro J; Uwizeye Dieudonne; Fayehun Olufunke; Wao Hesborn; Ajuwon Ademola; Otukpa Emmanuel; Karimi Florah; Conco Daphney; Gitau Evelyn; Fonn Sharon,2020,BMC public health,,Excluded,Review or commentary without original analysis
32514200,"The evolution of community-based primary health care, Slovenia.",Johansen Anne S; Vracko Pia; West Robert,2020,Bulletin of the World Health Organization,,Excluded,Sub-national design only
31943403,Maternal Mortality and Public Health Programs: Evidence from Florida.,Bernet Patrick; Gumus Gulcin; Vishwasrao Sharmila,2020,The Milbank quarterly,,Excluded,Sub-national design only
31603476,"A rapid assessment of the political economy of health at district level, with a focus on maternal, newborn and child health, in Bangladesh, Indonesia, Nepal and the Philippines.",Hipgrave David B; Anderson Ian; Sato Midori,2019,Health policy and planning,,Excluded,Sub-national design only
31075148,Potential determinants of health system efficiency: Evidence from Latin America and the Caribbean.,Moreno-Serra Rodrigo; Anaya-Montes Misael; Smith Peter C,2019,PloS one,,Excluded,No health outcome
31050394,"Africa Rising, a Narrative for Life Expectancy Gains? Evidence from a Health Production Function.",Salami Donald; Shaaban Ahmed Nabil; Oliveira Martins Maria do Rosário,2019,Annals of global health,10.5334/aogh.2307,Included,
30705237,Inequalities in healthcare resources and outcomes threatening sustainable health development in Ethiopia: panel data analysis.,Woldemichael Abraha; Takian Amirhossein; Akbari Sari Ali; Olyaeemanesh Alireza,2019,BMJ open,,Excluded,Sub-national design only
30482387,The cyclicality of government health expenditure and its effects on population health.,Liang Li-Lin; Tussing A Dale,2019,"Health policy (Amsterdam, Netherlands)",10.1016/j.healthpol.2018.11.004,Included,
30359178,Making Fair Choices on the Path to Universal Health Coverage: Applying Principles to Difficult Cases.,Voorhoeve Alex; Tan-Torres Edejer Tessa; Kapiriri Lydia; Norheim Ole Frithjof; Snowden James; Basenya Olivier; Bayarsaikhan Dorjsuren; Chentaf Ikram; Eyal Nir; Folsom Amanda; Halina Tun Hussein Rozita; Morales Cristian; Ostmann Florian; Ottersen Trygve; Prakongsai Phusit; Saenz Carla; Saleh Karima; ,2017,Health systems and reform,,Excluded,Review or commentary without original analysis
30175239,Mainstreaming as rhetoric or reality? Gender and global health at the World Bank.,Winters Janelle; Fernandes Genevie; McGivern Lauren; Sridhar Devi,2018,Wellcome open research,,Excluded,Review or commentary without original analysis
30277217,Estonia: Health System Review.,Habicht Triin; Reinap Marge; Kasekamp Kaija; Sikkut Riina; Aaben Laura; van Ginneken Ewout,2018,Health systems in transition,,Excluded,Review or commentary without original analysis
30277216,Spain: Health System Review.,Bernal-Delgado Enrique; Garcia-Armesto Sandra; Oliva Juan; Sanchez Martinez Fernando Ignacio; Repullo Jose Ramon; Pena-Longobardo Luz Maria; Ridao-Lopez Manuel; Hernandez-Quevedo Cristina,2018,Health systems in transition,,Excluded,Review or commentary without original analysis
30277215,Austria: Health System Review.,Bachner Florian; Bobek Julia; Habimana Katharina; Ladurner Joy; Lepuschutz Lena; Ostermann Herwig; Rainer Lukas; Schmidt Andrea E; Zuba Martin; Quentin Wilm; Winkelmann Juliane,2018,Health systems in transition,,Excluded,Review or commentary without original analysis
30277214,Bulgaria: Health System Review.,Dimova Antoniya; Rohova Maria; Koeva Stefka; Atanasova Elka; Koeva-Dimitrova Lubomira; Kostadinova Todorka; Spranger Anne,2018,Health systems in transition,,Excluded,Review or commentary without original analysis
30159286,Effects of private and public health expenditure on health outcomes among countries with different health care systems: 2000 and 2014.,Raeesi Pouran; Harati-Khalilabad Touraj; Rezapour Aziz; Azari Samad; Javan-Noughabi Javad,2018,Medical journal of the Islamic Republic of Iran,10.14196/mjiri.32.35,Included,
30112851,Sources of health financing and health outcomes: A panel data analysis.,Fujii Tomoki,2018,Health economics,10.1002/hec.3817,Included,
29997906,"The Brazilian health system at crossroads: progress, crisis and resilience.",Massuda Adriano; Hone Thomas; Leles Fernando Antonio Gomes; de Castro Marcia C; Atun Rifat,2018,BMJ global health,,Excluded,Review or commentary without original analysis
29972131,Greece: Health System Review.,Economou Charalampos; Kaitelidou Daphne; Karanikolos Marina; Maresso Anna,2017,Health systems in transition,,Excluded,Review or commentary without original analysis
29945690,"Does government expenditure reduce inequalities in infant mortality rates in low- and middle-income countries?: A time-series, ecological analysis of 48 countries from 1993 to 2013.",Baker Peter; Hone Thomas; Reeves Aaron; Avendano Mauricio; Millett Christopher,2019,"Health economics, policy, and law",10.1017/S1744133118000269,Included,
29350076,Health Care Public Sector Share and the U.S. Life Expectancy Lag: A Country-level Longitudinal Study.,Reynolds Megan M,2018,"International journal of health services : planning, administration, evaluation",10.1177/0020731417753673,Included,
29297341,Measuring health systems strength and its impact: experiences from the African Health Initiative.,Sherr Kenneth; Fernandes Quinhas; Kanté Almamy M; Bawah Ayaga; Condo Jeanine; Mutale Wilbroad; ,2017,BMC health services research,,Excluded,Sub-national design only
29244107,The importance of gender analysis in research for health systems strengthening.,Theobald Sally; Morgan Rosemary; Hawkins Kate; Ssali Sarah; George Asha; Molyneux Sassy,2017,Health policy and planning,,Excluded,Review or commentary without original analysis
31391844,[Breast cancer mortality in Brazilian municipalities and associated factorsMortalidad por cáncer de mama en municipios brasileños y factores asociados].,Couto Maria Silvia de Azevedo; Guerra Maximiliano Ribeiro; Firme Vinícius de Azevedo Couto; Bustamante-Teixeira Maria Teresa,2017,Revista panamericana de salud publica = Pan American journal of public health,,Excluded,Sub-national design only
28559673,Three Case Studies in Making Fair Choices on the Path to Universal Health Coverage.,Voorhoeve Alex; Edejer Tessa T T; Kapiriri Lydia; Norheim Ole F; Snowden James; Basenya Olivier; Bayarsaikhan Dorjsuren; Chentaf Ikram; Eyal Nir; Folsom Amanda; Tun Hussein Rozita Halina; Morales Cristian; Ostmann Florian; Ottersen Trygve; Prakongsai Phusit; Saenz Carla; Saleh Karima; Sommanustweech,2016,Health and human rights,,Excluded,Review or commentary without original analysis
28485716,The former Yugoslav Republic of Macedonia: Health System Review.,Milevska Kostova Neda; Chichevalieva Snezhana; Ponce Ninez A; van Ginneken Ewout; Winkelmann Juliane,2017,Health systems in transition,,Excluded,Review or commentary without original analysis
28485714,Portugal: Health System Review.,de Almeida Simoes Jorge; Augusto Goncalo Figueiredo; Fronteira Ines; Hernandez-Quevedo Cristina,2017,Health systems in transition,,Excluded,Review or commentary without original analysis
28402469,Health system functionality in a low-income country in the midst of conflict: the case of Yemen.,Qirbi Naseeb; Ismail Sharif A,2017,Health policy and planning,,Excluded,Review or commentary without original analysis
28325241,Radiation Oncology in the Developing Economies of Central and Eastern Europe.,Esiashvili Natia,2017,Seminars in radiation oncology,,Excluded,Review or commentary without original analysis
28282397,Evaluation of the performance of national health systems in 2004-2011: An analysis of 173 countries.,Sun Daxin; Ahn Haksoon; Lievens Tomas; Zeng Wu,2017,PloS one,10.1371/journal.pone.0173346,Included,
28139461,Slovakia: Health System Review.,Smatana Martin; Pazitny Peter; Kandilaki Daniela; Laktisova Michaela; Sedlakova Darina; Paluskova Monika; van Ginneken Ewout; Spranger Anne,2016,Health systems in transition,,Excluded,Review or commentary without original analysis
28049495,"The link between the West African Ebola outbreak and health systems in Guinea, Liberia and Sierra Leone: a systematic review.",Shoman Haitham; Karafillakis Emilie; Rawaf Salman,2017,Globalization and health,,Excluded,Review or commentary without original analysis
27831620,"[Health sector reform in Peru: Law, governance, universal coverage, and responses to health risks].",Velásquez Aníbal; Suarez Dalia; Nepo-Linares Edgardo,2016,Revista peruana de medicina experimental y salud publica,,Excluded,Review or commentary without original analysis
27603897,Romania: Health System Review.,Vladescu Cristian; Scintee Silvia Gabriela; Olsavszky Victor; Hernandez-Quevedo Cristina; Sagan Anna,2016,Health systems in transition,,Excluded,Review or commentary without original analysis
27467813,Slovenia: Health System Review.,Albreht Tit; Pribakovic Brinovec Radivoje; Josar Dusan; Poldrugovac Mircha; Kostnapfel Tatja; Zaletel Metka; Panteli Dimitra; Maresso Anna,2016,Health systems in transition,,Excluded,Review or commentary without original analysis
27467715,Netherlands: Health System Review.,Kroneman Madelon; Boerma Wienke; van den Berg Michael; Groenewegen Peter; de Jong Judith; van Ginneken Ewout,2016,Health systems in transition,,Excluded,Review or commentary without original analysis
27140980,"Variation In Health Outcomes: The Role Of Spending On Social Services, Public Health, And Health Care, 2000-09.",Bradley Elizabeth H; Canavan Maureen; Rogan Erika; Talbert-Slagle Kristina; Ndumele Chima; Taylor Lauren; Curry Leslie A,2016,Health affairs (Project Hope),,Excluded,Sub-national design only
27049966,United Kingdom: Health System Review.,Cylus Jonathan; Richardson Erica; Findley Lisa; Longley Marcus; O'Neill Ciaran; Steel David,2015,Health systems in transition,,Excluded,Review or commentary without original analysis
31514642,"The Effect of Demand- and Supply-Side Health Financing on Infant, Child, and Maternal Mortality in Low- and Middle-Income Countries.",Bowser Diana; Gupta Jaya; Nandakumar Allyala,2016,Health systems and reform,10.1080/23288604.2016.1166306,Included,
26989011,Analysis of health promotion and prevention financing mechanisms in Thailand.,Watabe Akihito; Wongwatanakul Weranuch; Thamarangsi Thaksaphon; Prakongsai Phusit; Yuasa Motoyuki,2017,Health promotion international,,Excluded,No health outcome
26766626,Switzerland: Health System Review.,De Pietro Carlo; Camenzind Paul; Sturny Isabelle; Crivelli Luca; Edwards-Garavoglia Suzanne; Spranger Anne; Wittenbecher Friedrich; Quentin Wilm,2015,Health systems in transition,,Excluded,Review or commentary without original analysis
26766545,France: Health System Review.,Chevreul Karine; Berg Brigham Karen; Durand-Zaleski Isabelle; Hernandez-Quevedo Cristina,2015,Health systems in transition,,Excluded,Review or commentary without original analysis
26605512,State variation in HIV/AIDS health outcomes: the effect of spending on social services and public health.,Talbert-Slagle Kristina M; Canavan Maureen E; Rogan Erika M; Curry Leslie A; Bradley Elizabeth H,2016,"AIDS (London, England)",,Excluded,Sub-national design only
26391115,Kangaroo mother care: a multi-country analysis of health system bottlenecks and potential solutions.,Vesel Linda; Bergh Anne-Marie; Kerber Kate J; Valsangkar Bina; Mazia Goldy; Moxon Sarah G; Blencowe Hannah; Darmstadt Gary L; de Graft Johnson Joseph; Dickson Kim E; Ruiz Peláez Juan; von Xylander Severin; Lawn Joy E; ,2015,BMC pregnancy and childbirth,,Excluded,Sub-national design only
26390867,"Quality of governance, public spending on health and health status in Sub Saharan Africa: a panel data regression analysis.",Makuta Innocent; O'Hare Bernadette,2015,BMC public health,10.1186/s12889-015-2287-z,Included,
26106825,Czech Republic: health system review.,Alexa Jan; Recka Lukas; Votapkova Jana; van Ginneken Ewout; Spranger Anne; Wittenbecher Friedrich,2015,Health systems in transition,,Excluded,Review or commentary without original analysis
28462255,Does More Public Health Spending Buy Better Health?,Marton James; Sung Jaesang; Honore Peggy,2015,Health services research and managerial epidemiology,,Excluded,Sub-national design only
25752354,Policy commercializing nonprofits in health: the history of a paradox from the 19th century to the ACA.,Fox Daniel M,2015,The Milbank quarterly,,Excluded,Review or commentary without original analysis
25720021,Iceland: health system review.,Sigurgeirsdóttir Sigurbjörg; Waagfjörð Jónína; Maresso Anna,2014,Health systems in transition,,Excluded,Review or commentary without original analysis
25598588,Broader health coverage is good for the nation's health: evidence from country level panel data.,Moreno-Serra Rodrigo; Smith Peter C,2015,"Journal of the Royal Statistical Society. Series A, (Statistics in Society)",10.1111/rssa.12048,Included,
25303845,"Social protection and tuberculosis control in 21 European countries, 1995-2012: a cross-national statistical modelling analysis.",Reeves Aaron; Basu Sanjay; McKee Martin; Stuckler David; Sandgren Andreas; Semenza Jan,2014,The Lancet. Infectious diseases,,Excluded,No health outcome
25207449,The role of health systems and policy in producing behavior and social change to enhance child survival and development in low- and middle-income countries: an examination of the evidence.,Vélez Luis F; Sanitato Mary; Barry Donna; Alilio Martin; Apfel Franklin; Coe Gloria; Garcia Amparo; Kaufman Michelle; Klein Jonathan; Kutlesic Vesna; Meadowcroft Lisa; Nilsen Wendy; O'Sullivan Gael; Peterson Stefan; Raiten Daniel; Vorkoper Susan,2014,Journal of health communication,,Excluded,Review or commentary without original analysis
25024038,Socialized medicine and mortality.,Peltzman Sam,2014,International journal of health care finance and economics,10.1007/s10754-014-9151-z,Included,
24334772,Austria: health system review.,Hofmarcher Maria M; Quentin Wilm,2013,Health systems in transition,,Excluded,Review or commentary without original analysis
24334730,Estonia: health system review.,Lai Taavi; Habicht Triin; Kahur Kristiina; Reinap Marge; Kiivet Raul; van Ginneken Ewout,2013,Health systems in transition,,Excluded,Review or commentary without original analysis
24334702,Belarus: health system review.,Richardson Erica; Malakhova Irina; Novik Irina; Famenka Andrei,2013,Health systems in transition,,Excluded,Review or commentary without original analysis
24334656,Armenia: health system review.,Richardson Erica,2013,Health systems in transition,,Excluded,Review or commentary without original analysis
23902994,Lithuania: health system review.,Murauskiene Liubove; Janoniene Raimonda; Veniute Marija; van Ginneken Ewout; Karanikolos Marina,2013,Health systems in transition,,Excluded,Review or commentary without original analysis
23255848,The incidence of thyroid cancer is affected by the characteristics of a healthcare system.,Lee Tae-Jin; Kim Sun; Cho Hong-Jun; Lee Jae-Ho,2012,Journal of Korean medical science,,Excluded,No health outcome
23221008,Engaging sub-national governments in addressing health equities: challenges and opportunities in China's health system reform.,Brixi Hana; Mu Yan; Targa Beatrice; Hipgrave David,2013,Health policy and planning,,Excluded,Sub-national design only
20727211,Framing health and foreign policy: lessons for global health diplomacy.,Labonté Ronald; Gagnon Michelle L,2010,Globalization and health,,Excluded,Review or commentary without original analysis
18062603,Progress towards health reform in Tajikistan.,Mirzoev Tolib N; Green Andrew T; Newell James N,2007,Journal of health organization and management,,Excluded,Review or commentary without original analysis
16076396,"Health system outcomes and determinants amenable to public health in industrialized countries: a pooled, cross-sectional time series analysis.",Arah Onyebuchi A; Westert Gert P; Delnoij Diana M; Klazinga Niek S,2005,BMC public health,10.1186/1471-2458-5-81,Included,
12109504,Welfare state and infant mortality.,Conley D; Springer K W,2001,AJS; American journal of sociology,10.1086/338781,Included,
